{
  "project_info": {
    "project_number": "1088219983711",
    "firebase_url": "https://prova1-1bfe6-default-rtdb.europe-west1.firebasedatabase.app",
    "project_id": "prova1-1bfe6",
    "storage_bucket": "prova1-1bfe6.appspot.com"
  },
  "client": [
    {
      "client_info": {
        "mobilesdk_app_id": "1:1088219983711:android:27fa7f9995fd926f4050ea",
        "android_client_info": {
          "package_name": "me.arnaumas.proves_firebase"
        }
      },
      "oauth_client": [
        {
          "client_id": "1088219983711-6f3523ms9c0j201d7fqm2nrinl6tqmms.apps.googleusercontent.com",
          "client_type": 3
        }
      ],
      "api_key": [
        {
          "current_key": "AIzaSyCRMEVUSx3tpChQ6zhQZ8iYegwI5KVx6Gk"
        }
      ],
      "services": {
        "appinvite_service": {
          "other_platform_oauth_client": [
            {
              "client_id": "1088219983711-6f3523ms9c0j201d7fqm2nrinl6tqmms.apps.googleusercontent.com",
              "client_type": 3
            }
          ]
        }
      }
    },
    {
      "client_info": {
        "mobilesdk_app_id": "1:1088219983711:android:cc2269592e5810a84050ea",
        "android_client_info": {
          "package_name": "net.vidalibarraquer.profe.sqlite"
        }
      },
      "oauth_client": [
        {
          "client_id": "1088219983711-6f3523ms9c0j201d7fqm2nrinl6tqmms.apps.googleusercontent.com",
          "client_type": 3
        }
      ],
      "api_key": [
        {
          "current_key": "AIzaSyCRMEVUSx3tpChQ6zhQZ8iYegwI5KVx6Gk"
        }
      ],
      "services": {
        "appinvite_service": {
          "other_platform_oauth_client": [
            {
              "client_id": "1088219983711-6f3523ms9c0j201d7fqm2nrinl6tqmms.apps.googleusercontent.com",
              "client_type": 3
            }
          ]
        }
      }
    }
  ],
  "configuration_version": "1"
}