{
  "project_info": {
    "project_number": "301184212121",
    "firebase_url": "https://arnau-mas-hernandez-default-rtdb.europe-west1.firebasedatabase.app",
    "project_id": "arnau-mas-hernandez",
    "storage_bucket": "arnau-mas-hernandez.appspot.com"
  },
  "client": [
    {
      "client_info": {
        "mobilesdk_app_id": "1:301184212121:android:c8011dba9efe1ae1eeec08",
        "android_client_info": {
          "package_name": "me.arnaumas.proves_firebase"
        }
      },
      "oauth_client": [
        {
          "client_id": "301184212121-4vdk4vgl31mpcfb0vpdpicrsjc96hko5.apps.googleusercontent.com",
          "client_type": 3
        }
      ],
      "api_key": [
        {
          "current_key": "AIzaSyD610v27QJlEzMPyK3e7ROKtsDqTqC4Ji0"
        }
      ],
      "services": {
        "appinvite_service": {
          "other_platform_oauth_client": [
            {
              "client_id": "301184212121-4vdk4vgl31mpcfb0vpdpicrsjc96hko5.apps.googleusercontent.com",
              "client_type": 3
            }
          ]
        }
      }
    },
    {
      "client_info": {
        "mobilesdk_app_id": "1:301184212121:android:cb633310dec6b62eeeec08",
        "android_client_info": {
          "package_name": "net.vidalibarraquer.profe.sqlite"
        }
      },
      "oauth_client": [
        {
          "client_id": "301184212121-4vdk4vgl31mpcfb0vpdpicrsjc96hko5.apps.googleusercontent.com",
          "client_type": 3
        }
      ],
      "api_key": [
        {
          "current_key": "AIzaSyD610v27QJlEzMPyK3e7ROKtsDqTqC4Ji0"
        }
      ],
      "services": {
        "appinvite_service": {
          "other_platform_oauth_client": [
            {
              "client_id": "301184212121-4vdk4vgl31mpcfb0vpdpicrsjc96hko5.apps.googleusercontent.com",
              "client_type": 3
            }
          ]
        }
      }
    }
  ],
  "configuration_version": "1"
}